INSERT INTO `MENU` VALUES (1,'home','URL 접근제어','Y',1,1,'/view/home',NULL,'2021-08-25 13:07:16');
INSERT INTO `MENU` VALUES (2,'func','메뉴 접근제어','Y',1,2,'/view/func',NULL,'2021-08-25 13:07:16');
INSERT INTO `MENU` VALUES (3,'sub1','모두 접근','Y',2,1,'/view/func/sub1',2,'2021-08-25 13:07:16');
INSERT INTO `MENU` VALUES (4,'sub2','admin만 접근','Y',2,2,'/view/func/sub2',2,'2021-08-25 13:07:16');
INSERT INTO `MENU` VALUES (5,'clear','메뉴 캐시 삭제','Y',1,3,'/api/menu/clearcache',NULL,'2021-08-25 13:07:16');
INSERT INTO `MENU` VALUES (6,'admin','admin만 접근','Y',2,1,'/view/home/adminOnly',1,'2021-08-25 13:07:16');

INSERT INTO `ROLE` VALUES ('ROLE_ADMIN','관리자');
INSERT INTO `ROLE` VALUES ('ROLE_USER','사용자');

INSERT INTO `ROLE_MENU_MAP` VALUES ('ROLE_ADMIN','1');
INSERT INTO `ROLE_MENU_MAP` VALUES ('ROLE_ADMIN','2');
INSERT INTO `ROLE_MENU_MAP` VALUES ('ROLE_ADMIN','3');
INSERT INTO `ROLE_MENU_MAP` VALUES ('ROLE_ADMIN','4');
INSERT INTO `ROLE_MENU_MAP` VALUES ('ROLE_ADMIN','5');
INSERT INTO `ROLE_MENU_MAP` VALUES ('ROLE_ADMIN','6');
INSERT INTO `ROLE_MENU_MAP` VALUES ('ROLE_USER','1');
INSERT INTO `ROLE_MENU_MAP` VALUES ('ROLE_USER','2');
INSERT INTO `ROLE_MENU_MAP` VALUES ('ROLE_USER','3');

INSERT INTO `USER` VALUES ('foo',NULL,'리자','{bcrypt}$2a$10$RpYb2h05JE9a9zQAVsJu/O4PiV/M63rxWhKSKEFAVZwj5h1bPZU3O','N','USE','01012342222',NULL,0,'2021-08-31 09:30:23','2021-08-23 18:17:11','2021-08-23 17:10:46',NULL,NULL);
INSERT INTO `USER` VALUES ('bar',NULL,'용자','{bcrypt}$2a$10$7TdBIO9RBWlp5NqsvFoHieh.WDDT6x4a6lL4rUetZkuxLiHJkq.IS','N','USE','01012341111',NULL,0,'2021-08-27 18:54:58','2021-08-23 18:17:11','2021-08-23 17:10:46',NULL,NULL);
INSERT INTO `USER` VALUES ('hoo','acorp','불자','{bcrypt}$2a$10$WGLBpOMaFoU48RaTUqXITeUMP20aSQJ/qy.NN31DfNgDMyY5DMzkW','N','USE','01011113336',NULL,0,'2021-08-27 18:54:58','2021-08-23 18:17:11','2021-08-23 17:10:46',NULL,NULL);

INSERT INTO `USER_ROLE_MAP` VALUES ('foo','ROLE_ADMIN');
INSERT INTO `USER_ROLE_MAP` VALUES ('foo','ROLE_USER');
INSERT INTO `USER_ROLE_MAP` VALUES ('hoo','ROLE_ADMIN');


INSERT INTO `MENU` VALUES (7,'board','게시판','Y',1,4,'/page/board',1,'2021-08-25 13:07:16');
INSERT INTO `ROLE_MENU_MAP` VALUES ('ROLE_ADMIN','7');
INSERT INTO `ROLE_MENU_MAP` VALUES ('ROLE_USER','7');

